codename,realname,gender,statusof,alignment,type,team,antiregistration,num_appearances,haspicture,pic_url
Triathlon,Delroy Garrett Jr.,M,active,hero,superhuman,The Initiative,FALSE,0,TRUE,http://troyericgriggs.com/projects/cwo/_files/images/TRIATHLON.jpeg
Aegis,Trey Jason Rollins,M,active,hero,superhuman,New Warriors,TRUE,1,TRUE,http://troyericgriggs.com/projects/cwo/_files/images/AEGIS.jpeg
Agent Jeff Brown,Jeff Brown,M,active,hero,human,Omega Flight,FALSE,0,TRUE,http://troyericgriggs.com/projects/cwo/_files/images/AGENT JEFF BROWN.jpeg
Amadeus Cho,Amadeus Cho,M,active,hero,superhuman,null,TRUE,1,TRUE,http://troyericgriggs.com/projects/cwo/_files/images/MASTERMIND EXCELLO.jpeg
American Eagle,Jason Strongbow,M,active,hero,superhuman,null,TRUE,0,TRUE,http://troyericgriggs.com/projects/cwo/_files/images/AMERICAN EAGLE.jpeg
Ant-Man,Eric O'Grady,M,active,hero,superhuman,Avengers,TRUE,1,TRUE,http://troyericgriggs.com/projects/cwo/_files/images/ANT-MAN.jpeg
Aphrodite,Aphrodite,F,active,hero,superhuman,Champions,FALSE,0,TRUE,http://troyericgriggs.com/projects/cwo/_files/images/APHRODITE.jpeg
Arachne,Julia Carpenter,F,active,hero,superhuman,Omega Flight,FALSE,3,TRUE,http://troyericgriggs.com/projects/cwo/_files/images/ARACHNE.jpeg
Arana,Anya Sofía Corazón,F,active,hero,mystical,The Initiative,FALSE,0,TRUE,http://troyericgriggs.com/projects/cwo/_files/images/ARANA.jpeg
Archangel,Warren Kenneth Worthington III,M,active,hero,mutant,X-Men,TRUE,4,TRUE,http://troyericgriggs.com/projects/cwo/_files/images/ARCHANGEL.jpeg
Ares,Ares,M,active,hero,superhuman,Avengers,FALSE,0,TRUE,http://troyericgriggs.com/projects/cwo/_files/images/ARES.jpeg
Armadillo,Antonio Rodriguez,M,active,hero,superhuman,The Rangers,FALSE,0,TRUE,http://troyericgriggs.com/projects/cwo/_files/images/ARMADILLO.jpeg
Armory,Violet Lightner,F,active,hero,superhuman,The Initiative,FALSE,0,TRUE,http://troyericgriggs.com/projects/cwo/_files/images/ARMORY.jpeg
Battlestar,Lemar Hoskins,M,active,hero,superhuman,null,TRUE,4,TRUE,http://troyericgriggs.com/projects/cwo/_files/images/BATTLESTAR.jpeg
Beast,Dr. Henry Philip McCoy,M,active,hero,mutant,X-Men,FALSE,7,TRUE,http://troyericgriggs.com/projects/cwo/_files/images/BEAST.jpeg
Ben Urich,Benjamin Urich,M,active,hero,human,null,TRUE,10,TRUE,http://troyericgriggs.com/projects/cwo/_files/images/BEN URICH.jpeg
Bengal,Duc No Tranh,M,active,hero,human,The Initiative,FALSE,0,TRUE,http://troyericgriggs.com/projects/cwo/_files/images/BENGAL.jpeg
Beta Ray Bill,Bill,M,FALSE,hero,superhuman,Omega Flight,FALSE,0,TRUE,http://troyericgriggs.com/projects/cwo/_files/images/BETA RAY BILL.jpeg
Beverly Switzler,Beverly Switzler,F,active,hero,human,null,FALSE,1,TRUE,http://troyericgriggs.com/projects/cwo/_files/images/BEVERLY SWITZLER.jpeg
Big Bertha,Ashley Crawford,F,active,hero,superhuman,Great Lakes Champions,FALSE,1,TRUE,http://troyericgriggs.com/projects/cwo/_files/images/BIG BERTHA.jpeg
Bishop,Lucas Bishop,M,active,hero,mutant,X-Men,FALSE,6,TRUE,http://troyericgriggs.com/projects/cwo/_files/images/BISHOP.jpeg
Black Cat,Felicia Hardy,F,active,hero,human,Heroes For Hire,FALSE,5,TRUE,http://troyericgriggs.com/projects/cwo/_files/images/BLACK CAT.jpeg
Black Goliath,William Barrett Foster,M,deceased,hero,superhuman,null,TRUE,0,TRUE,http://troyericgriggs.com/projects/cwo/_files/images/GOLIATH.jpeg
Black Panther,T'Challa,M,active,hero,superhuman,null,TRUE,10,TRUE,http://troyericgriggs.com/projects/cwo/_files/images/BLACK PANTHER.jpeg
Black Widow,Natalia Alianovna Romanova,F,active,hero,human,Avengers,FALSE,3,TRUE,http://troyericgriggs.com/projects/cwo/_files/images/BLACK WIDOW.jpeg
Blade,Eric Brooks,M,active,hero,superhuman,null,FALSE,1,TRUE,http://troyericgriggs.com/projects/cwo/_files/images/BLADE.jpeg
Blue Streak,Don Thompson,M,active,hero,superhuman,null,TRUE,1,TRUE,http://troyericgriggs.com/projects/cwo/_files/images/BLUE STREAK.jpeg
Brother Voodoo,Jericho Drumm,M,active,hero,superhuman,null,FALSE,1,TRUE,http://troyericgriggs.com/projects/cwo/_files/images/BROTHER VOODOO.jpeg
Cable,Nathan Christopher Charles Summers,M,active,hero,mutant,X-Men,TRUE,7,TRUE,http://troyericgriggs.com/projects/cwo/_files/images/CABLE.jpeg
Caliban,unknown,M,active,hero,mutant,X-Force,TRUE,4,TRUE,http://troyericgriggs.com/projects/cwo/_files/images/CALIBAN.jpeg
Captain America,Steven Rogers,M,deceased,hero,superhuman,Avengers,TRUE,40,TRUE,http://troyericgriggs.com/projects/cwo/_files/images/CAPTAIN AMERICA.jpeg
Captain Marvel,Mar-Vell,M,active,hero,superhuman,null,FALSE,0,TRUE,http://troyericgriggs.com/projects/cwo/_files/images/CAPTAIN MARVEL.jpeg
Captain Rectitude,Bob Jones IV,M,captured,hero,superhuman,null,TRUE,1,TRUE,http://troyericgriggs.com/projects/cwo/_files/images/CAPTAIN RECTITUDE.jpeg
Clay Quartermain,Clay Quartermain,M,active,hero,human,S.H.I.E.L.D.,FALSE,0,TRUE,http://troyericgriggs.com/projects/cwo/_files/images/CLAY QUARTERMAIN.jpeg
Cloak,Tyrone Johnson,M,active,hero,superhuman,null,TRUE,10,TRUE,http://troyericgriggs.com/projects/cwo/_files/images/CLOAK.jpeg
Cloud 9,Abigail Boylen,F,active,hero,superhuman,The Initiative,FALSE,0,TRUE,http://troyericgriggs.com/projects/cwo/_files/images/CLOUD 9.jpeg
Coldblood,Eric Savin,M,active,hero,superhuman,null,TRUE,2,TRUE,http://troyericgriggs.com/projects/cwo/_files/images/COLDBLOOD.jpeg
Colleen Wing,Colleen Wing,F,active,hero,human,Heroes For Hire,FALSE,3,TRUE,http://troyericgriggs.com/projects/cwo/_files/images/COLLEEN WING.jpeg
Comet Man,Stephen Beckley,M,active,hero,superhuman,null,FALSE,1,TRUE,http://troyericgriggs.com/projects/cwo/_files/images/COMET MAN.jpeg
Cybermancer,Suzi Endo,F,deported,hero,superhuman,Force Works,TRUE,1,TRUE,http://troyericgriggs.com/projects/cwo/_files/images/CYBERMANCER.jpeg
Dagger,Tandy Bowen,F,active,hero,superhuman,null,TRUE,11,TRUE,http://troyericgriggs.com/projects/cwo/_files/images/DAGGER.jpeg
Dallas Riordan,Dallas Riordan,F,active,hero,human,Commission,FALSE,3,TRUE,http://troyericgriggs.com/projects/cwo/_files/images/DALLAS RIORDAN.jpeg
Danielle Moonstar,Danielle Moonstar,F,active,hero,mutant,The Initiative,FALSE,0,TRUE,http://troyericgriggs.com/projects/cwo/_files/images/DANIELLE MOONSTAR.jpeg
Daredevil,Matthew Michael Murdock,M,active,hero,superhuman,null,TRUE,2,TRUE,http://troyericgriggs.com/projects/cwo/_files/images/DAREDEVIL.jpeg
Debrii,Deborah Fields,F,active,hero,mutant,The Initiative,FALSE,1,TRUE,http://troyericgriggs.com/projects/cwo/_files/images/DEBRII.jpeg
Demolition Man,Dennis Dunphy,M,active,hero,superhuman,null,TRUE,2,TRUE,http://troyericgriggs.com/projects/cwo/_files/images/DEMOLITION MAN.jpeg
Digitek,Jonathan Bryant,M,unknown,hero,superhuman,null,TRUE,1,TRUE,http://troyericgriggs.com/projects/cwo/_files/images/DIGITEK.jpeg
Doc Samson,Leonard Samson,M,active,hero,superhuman,S.H.I.E.L.D.,FALSE,8,TRUE,http://troyericgriggs.com/projects/cwo/_files/images/DOC SAMSON.jpeg
Doctor Strange,Dr. Stephen Vincent Strange,M,active,hero,mystical,Secret Avengers,TRUE,6,TRUE,http://troyericgriggs.com/projects/cwo/_files/images/DOCTOR STRANGE.jpeg
Domino,Neena Thurman,F,active,hero,mutant,X-Force,TRUE,4,TRUE,http://troyericgriggs.com/projects/cwo/_files/images/DOMINO.jpeg
Doorman,DeMarr Davis,M,active,hero,superhuman,Great Lakes Champions,FALSE,1,TRUE,http://troyericgriggs.com/projects/cwo/_files/images/DOORMAN.jpeg
Dum Dum Dugan,Timothy Aloysius Cadwallader Dugan,M,active,hero,human,S.H.I.E.L.D.,FALSE,2,TRUE,http://troyericgriggs.com/projects/cwo/_files/images/THADDEUS DUGAN.jpeg
Eric Marshall,Eric Marshall,M,active,hero,human,S.H.I.E.L.D.,FALSE,0,TRUE,http://troyericgriggs.com/projects/cwo/_files/images/ERIC MARSHALL.jpeg
Falcon,Samuel Thomas Wilson,M,active,hero,superhuman,null,FALSE,24,TRUE,http://troyericgriggs.com/projects/cwo/_files/images/FALCON.jpeg
Firebird,Bonita Juárez,F,active,hero,superhuman,The Rangers,FALSE,2,TRUE,http://troyericgriggs.com/projects/cwo/_files/images/FIREBIRD.jpeg
Firebrand,Gary Gilbert,M,active,hero,superhuman,null,TRUE,0,TRUE,http://troyericgriggs.com/projects/cwo/_files/images/FIREBRAND.jpeg
Firestar,Angelica Jones,F,retired,hero,mutant,Avengers,TRUE,1,TRUE,http://troyericgriggs.com/projects/cwo/_files/images/FIRESTAR.jpeg
Flame,Daniel Springer,M,active,hero,superhuman,null,TRUE,1,TRUE,http://troyericgriggs.com/projects/cwo/_files/images/FLAME.jpeg
Flatman,Val Ventura,M,active,hero,superhuman,Great Lakes Champions,FALSE,1,TRUE,http://troyericgriggs.com/projects/cwo/_files/images/FLATMAN.jpeg
G.W. Bridge,George Washington Bridge,M,active,hero,superhuman,null,FALSE,3,TRUE,http://troyericgriggs.com/projects/cwo/_files/images/G.W. BRIDGE.jpeg
Gabriel Jones,Gabriel Jones,M,active,hero,human,S.H.I.E.L.D.,FALSE,0,TRUE,http://troyericgriggs.com/projects/cwo/_files/images/GABRIEL JONES.jpeg
Gauntlet,Joseph Green,M,active,hero,superhuman,null,FALSE,0,TRUE,http://troyericgriggs.com/projects/cwo/_files/images/GAUNTLET.jpeg
Guardian,Michael Pointer,M,active,hero,superhuman,Omega Flight,FALSE,0,TRUE,http://troyericgriggs.com/projects/cwo/_files/images/GUARDIAN.jpeg
Happy Hogan,Harold Joseph Hogan,M,active,hero,human,null,FALSE,5,TRUE,http://troyericgriggs.com/projects/cwo/_files/images/HAPPY HOGAN.jpeg
Hardball,Roger Brokeridge,M,active,hero,superhuman,The Initiative,FALSE,0,TRUE,http://troyericgriggs.com/projects/cwo/_files/images/HARDBALL.jpeg
Hellcat,Patricia Walker,F,active,hero,human,The Initiative,FALSE,0,TRUE,http://troyericgriggs.com/projects/cwo/_files/images/HELLCAT.jpeg
Henry Gyrich,Henry Peter Gyrich,M,active,hero,human,Commission,FALSE,2,TRUE,http://troyericgriggs.com/projects/cwo/_files/images/HENRY GYRICH.jpeg
Hercules,Heracles,M,active,hero,superhuman,Champions,FALSE,13,TRUE,http://troyericgriggs.com/projects/cwo/_files/images/HERCULES.jpeg
Hermes,Hermes,M,active,hero,superhuman,Champions,FALSE,1,TRUE,http://troyericgriggs.com/projects/cwo/_files/images/HERMES.jpeg
Howard the Duck,Howard T. Duck,M,active,hero,superhuman,null,TRUE,1,TRUE,http://troyericgriggs.com/projects/cwo/_files/images/HOWARD THE DUCK.jpeg
Hulk,Robert Bruce Banner,M,active,hero,superhuman,null,TRUE,2,TRUE,http://troyericgriggs.com/projects/cwo/_files/images/HULK.jpeg
Hulkling,Dorrek VIII,M,active,hero,human,Young Avengers,FALSE,14,TRUE,http://troyericgriggs.com/projects/cwo/_files/images/HULKLING.jpeg
Human Torch,Jonathan Lowell Spencer Storm,M,pardoned,hero,superhuman,Fantastic Four,TRUE,10,TRUE,http://troyericgriggs.com/projects/cwo/_files/images/HUMAN TORCH.jpeg
Humbug,Buck Mitty,M,active,hero,superhuman,Heroes For Hire,FALSE,3,TRUE,http://troyericgriggs.com/projects/cwo/_files/images/HUMBUG.jpeg
Invisible Woman,Susan Storm Richards,F,pardoned,hero,superhuman,Fantastic Four,TRUE,13,TRUE,http://troyericgriggs.com/projects/cwo/_files/images/INVISIBLE WOMAN.jpeg
Iron Fist,Daniel Thomas Rand-K'ai,M,active,hero,mystical,Secret Avengers,TRUE,20,TRUE,http://troyericgriggs.com/projects/cwo/_files/images/IRON FIST.jpeg
Iron Man,Anthony Edward Stark,M,active,hero,superhuman,Avengers,FALSE,49,TRUE,http://troyericgriggs.com/projects/cwo/_files/images/IRON MAN.jpeg
J. Jonah Jameson,John Jonah Jameson Junior,M,active,hero,human,null,FALSE,6,TRUE,http://troyericgriggs.com/projects/cwo/_files/images/J. JONAH JAMESON.jpeg
Jack Flag,Jack Harrison,M,captured,hero,human,null,TRUE,0,TRUE,http://troyericgriggs.com/projects/cwo/_files/images/JACK FLAG.jpeg
James Rhodes,James Rupert Rhodes,M,active,hero,human,null,FALSE,0,TRUE,http://troyericgriggs.com/projects/cwo/_files/images/JAMES RHODES.jpeg
Jane Foster,Jane Foster,F,active,hero,human,null,TRUE,3,TRUE,http://troyericgriggs.com/projects/cwo/_files/images/JANE FOSTER.jpeg
Jessica Jones,Jessica Campbell Jones Cage,F,active,hero,superhuman,null,TRUE,2,TRUE,http://troyericgriggs.com/projects/cwo/_files/images/JESSICA JONES.jpeg
Johnny Justice,unknown,M,captured,hero,superhuman,null,TRUE,0,TRUE,http://troyericgriggs.com/projects/cwo/_files/images/JOHNNY JUSTICE.jpeg
Justice,Vance Astrovik,M,active,hero,mutant,The Initiative,FALSE,2,TRUE,http://troyericgriggs.com/projects/cwo/_files/images/JUSTICE.jpeg
Kate Bishop,Katherine Elizabeth Bishop,F,active,hero,human,Young Avengers,TRUE,12,TRUE,http://troyericgriggs.com/projects/cwo/_files/images/HAWKEYE.jpeg
Komodo,Melati Kusuma,F,active,hero,superhuman,The Initiative,FALSE,0,TRUE,http://troyericgriggs.com/projects/cwo/_files/images/KOMODO.jpeg
Layla Miller,Layla Rose Miller,F,active,hero,mutant,X-Factor Investigations,TRUE,2,TRUE,http://troyericgriggs.com/projects/cwo/_files/images/LAYLA MILLER.jpeg
Living Lightning,Miguel Santos,M,active,hero,superhuman,Avengers,FALSE,3,TRUE,http://troyericgriggs.com/projects/cwo/_files/images/LIVING LIGHTNING.jpeg
Lucy in the Sky,Karolina Dean,F,active,hero,alien,Runaways,TRUE,4,TRUE,http://troyericgriggs.com/projects/cwo/_files/images/LUCY IN THE SKY.jpeg
Luke Cage,Luke Cage,M,active,hero,superhuman,Secret Avengers,TRUE,23,TRUE,http://troyericgriggs.com/projects/cwo/_files/images/LUKE CAGE.jpeg
M,Monet Yvette Clarisse Maria Therese St. Croix,F,active,hero,mutant,X-Factor Investigations,TRUE,2,TRUE,http://troyericgriggs.com/projects/cwo/_files/images/M.jpeg
Machine Man,2ZP45-9-X-51,M,active,hero,superhuman,null,TRUE,1,TRUE,http://troyericgriggs.com/projects/cwo/_files/images/MACHINE MAN.jpeg
Maria Hill,Maria Hill,F,active,hero,human,S.H.I.E.L.D.,FALSE,0,TRUE,http://troyericgriggs.com/projects/cwo/_files/images/MARIA HILL.jpeg
Marvel Boy,Noh-Varr,M,active,hero,superhuman,null,TRUE,3,TRUE,http://troyericgriggs.com/projects/cwo/_files/images/MARVEL BOY.jpeg
Micromax,Scott Wright,M,hospitalized,hero,superhuman,null,FALSE,4,TRUE,http://troyericgriggs.com/projects/cwo/_files/images/MICROMAX.jpeg
Miriam Sharpe,Miriam Sharpe,F,active,hero,human,null,FALSE,5,TRUE,http://troyericgriggs.com/projects/cwo/_files/images/MIRIAM SHARPE.jpeg
Misty Knight,Mercedes Knight,F,active,hero,superhuman,Heroes For Hire,FALSE,4,TRUE,http://troyericgriggs.com/projects/cwo/_files/images/MISTY KNIGHT.jpeg
Mitch Carson,Mitch Carson,M,active,hero,human,S.H.I.E.L.D.,FALSE,1,TRUE,http://troyericgriggs.com/projects/cwo/_files/images/MITCH CARSON.jpeg
Monica Rambeau,Monica Rambeau,F,active,hero,superhuman,null,TRUE,6,TRUE,http://troyericgriggs.com/projects/cwo/_files/images/MONICA RAMBEAU.jpeg
Mr. Fantastic,Reed Richards,M,active,hero,superhuman,Fantastic Four,FALSE,25,TRUE,http://troyericgriggs.com/projects/cwo/_files/images/MR. FANTASTIC.jpeg
Mr. Immortal,Craig Hollis,M,active,hero,superhuman,Great Lakes Champions,FALSE,1,TRUE,http://troyericgriggs.com/projects/cwo/_files/images/MR. IMMORTAL.jpeg
Ms. Marvel,Catherine Susan Jane Danvers,F,active,hero,superhuman,Avengers,FALSE,24,TRUE,http://troyericgriggs.com/projects/cwo/_files/images/MS. MARVEL.jpeg
Ms. Marvel II,Sharon Ventura,F,captured,hero,superhuman,null,TRUE,0,TRUE,http://troyericgriggs.com/projects/cwo/_files/images/MS. MARVEL II.jpeg
Multiple Man,James Arthur Madrox,M,active,hero,mutant,X-Factor Investigations,TRUE,0,TRUE,http://troyericgriggs.com/projects/cwo/_files/images/MULTIPLE MAN.jpeg
Multiple Man (Duplicate),James Arthur Madrox,M,destroyed,hero,mutant,S.H.I.E.L.D.,FALSE,0,TRUE,http://troyericgriggs.com/projects/cwo/_files/images/MULTIPLE MAN (DUPLICATE).jpeg
MVP,Michael Ian Van Patrick,M,deceased,hero,superhuman,The Initiative,FALSE,0,TRUE,http://troyericgriggs.com/projects/cwo/_files/images/MVP.jpeg
Namor,Namor McKenzie,M,active,hero,mutant,null,TRUE,0,TRUE,http://troyericgriggs.com/projects/cwo/_files/images/SUB-MARINER.jpeg
Natural,unknown,M,captured,hero,superhuman,null,TRUE,0,FALSE,http://troyericgriggs.com/projects/cwo/_files/images/NATURAL.jpeg
Neil Crawford,Neil Crawford,M,active,hero,superhuman,null,TRUE,1,TRUE,http://troyericgriggs.com/projects/cwo/_files/images/NEIL CRAWFORD.jpeg
Network,Sarah Vale,F,active,hero,superhuman,The Initiative,FALSE,3,TRUE,http://troyericgriggs.com/projects/cwo/_files/images/NETWORK.jpeg
Nick Fury,Nicholas Joseph Fury,M,active,hero,human,S.H.I.E.L.D.,TRUE,3,TRUE,http://troyericgriggs.com/projects/cwo/_files/images/NICK FURY.jpeg
Night Nurse,Linda Carter,F,active,hero,human,null,TRUE,5,TRUE,http://troyericgriggs.com/projects/cwo/_files/images/NIGHT NURSE.jpeg
Night Nurse II,Georgia Jenkins,F,active,hero,human,null,TRUE,0,TRUE,http://troyericgriggs.com/projects/cwo/_files/images/NIGHT NURSE II.jpeg
Nighthawk,Kyle Richmond,M,active,hero,superhuman,The Initiative,FALSE,7,TRUE,http://troyericgriggs.com/projects/cwo/_files/images/NIGHTHAWK.jpeg
Old Lace,Old Lace,M,active,hero,reptile,Runaways,TRUE,4,TRUE,http://troyericgriggs.com/projects/cwo/_files/images/OLD LACE.jpeg
Paladin,unknown,M,active,hero,superhuman,The Initiative,FALSE,3,TRUE,http://troyericgriggs.com/projects/cwo/_files/images/PALADIN.jpeg
Patriot,Elijah Bradley,M,active,hero,superhuman,Young Avengers,TRUE,15,TRUE,http://troyericgriggs.com/projects/cwo/_files/images/PATRIOT.jpeg
Penance,Robert Baldwin,M,active,hero,superhuman,null,FALSE,0,TRUE,http://troyericgriggs.com/projects/cwo/_files/images/PENANCE.jpeg
Phantom Rider,Carter Slade,M,active,hero,superhuman,The Rangers,FALSE,0,TRUE,http://troyericgriggs.com/projects/cwo/_files/images/PHANTOM RIDER.jpeg
Phone Ranger,A.G. Bell,M,active,hero,superhuman,null,FALSE,1,TRUE,http://troyericgriggs.com/projects/cwo/_files/images/PHONE RANGER.jpeg
Poseidon,Poseidon,M,active,hero,superhuman,Champions,FALSE,0,TRUE,http://troyericgriggs.com/projects/cwo/_files/images/POSEIDON.jpeg
Princess Powerful,Molly Hayes,F,active,hero,mutant,Runaways,TRUE,4,TRUE,http://troyericgriggs.com/projects/cwo/_files/images/PRINCESS POWERFUL.jpeg
Prodigy,David Alleyne,M,active,hero,superhuman,The Initiative,TRUE,0,TRUE,http://troyericgriggs.com/projects/cwo/_files/images/PRODIGY.jpeg
Prowler,Hobie Brown,M,captured,hero,human,null,TRUE,2,TRUE,http://troyericgriggs.com/projects/cwo/_files/images/PROWLER.jpeg
Puma,Thomas Fireheart,M,active,hero,superhuman,The Initiative,FALSE,0,TRUE,http://troyericgriggs.com/projects/cwo/_files/images/PUMA.jpeg
Punisher,Francis Castle,M,active,hero,human,null,TRUE,9,TRUE,http://troyericgriggs.com/projects/cwo/_files/images/PUNISHER.jpeg
Quicksilver,Pietro Django Maximoff,M,active,hero,superhuman,null,TRUE,2,TRUE,http://troyericgriggs.com/projects/cwo/_files/images/QUICKSILVER.jpeg
Rage,Elvin Daryl Haliday,M,active,hero,mutant,The Initiative,FALSE,3,TRUE,http://troyericgriggs.com/projects/cwo/_files/images/RAGE.jpeg
Ragnarok,N/A,M,destroyed,hero,superhuman,null,FALSE,7,TRUE,http://troyericgriggs.com/projects/cwo/_files/images/THOR (CSA CLONE).jpeg
Red Wolf,William Talltrees,M,active,hero,superhuman,The Rangers,FALSE,0,TRUE,http://troyericgriggs.com/projects/cwo/_files/images/RED WOLF.jpeg
Ricadonna,Celia Ricadonna,F,active,hero,human,null,TRUE,1,TRUE,http://troyericgriggs.com/projects/cwo/_files/images/CELIA RICADONNA.jpeg
Rictor,Julio Esteban Richter,M,active,hero,mutant,X-Factor Investigations,TRUE,2,TRUE,http://troyericgriggs.com/projects/cwo/_files/images/RICTOR.jpeg
Rocket Racer,Robert Farrell,M,active,hero,superhuman,The Initiative,FALSE,0,TRUE,http://troyericgriggs.com/projects/cwo/_files/images/ROCKET RACER.jpeg
Ronin,Maya Lopez,F,active,hero,superhuman,Secret Avengers,TRUE,0,TRUE,http://troyericgriggs.com/projects/cwo/_files/images/RONIN.jpeg
Sabra,Ruth Bat-Seraph,F,active,hero,mutant,null,FALSE,5,TRUE,http://troyericgriggs.com/projects/cwo/_files/images/SABRA.jpeg
Sally Floyd,Sally Floyd,F,active,hero,human,null,TRUE,10,TRUE,http://troyericgriggs.com/projects/cwo/_files/images/SALLY FLOYD.jpeg
Sasquatch,Walter Langkowski,M,active,hero,superhuman,Omega Flight,FALSE,0,TRUE,http://troyericgriggs.com/projects/cwo/_files/images/SASQUATCH.jpeg
Scorecard,unknown,M,active,hero,superhuman,null,TRUE,0,TRUE,http://troyericgriggs.com/projects/cwo/_files/images/SCORECARD.jpeg
Scorpion,MacDonald Gargan,M,active,hero,superhuman,null,FALSE,5,TRUE,http://troyericgriggs.com/projects/cwo/_files/images/SCORPION.jpeg
Sentry,Robert Reynolds,M,active,hero,superhuman,Avengers,FALSE,8,TRUE,http://troyericgriggs.com/projects/cwo/_files/images/SENTRY.jpeg
Shadowoman,Jillian Marie Woods,F,active,hero,superhuman,null,TRUE,0,TRUE,http://troyericgriggs.com/projects/cwo/_files/images/SHADOWOMAN.jpeg
Shang-Chi,Shang-Chi,M,active,hero,superhuman,Heroes For Hire,FALSE,4,TRUE,http://troyericgriggs.com/projects/cwo/_files/images/SHANG-CHI.jpeg
Sharon Carter,Sharon Carter,F,active,hero,human,null,TRUE,2,TRUE,http://troyericgriggs.com/projects/cwo/_files/images/SHARON CARTER.jpeg
Shatterstar,Gaveedra Seven,M,active,hero,mutant,X-Force,TRUE,4,TRUE,http://troyericgriggs.com/projects/cwo/_files/images/SHATTERSTAR.jpeg
She-Hulk,Jennifer Walters,F,active,hero,superhuman,S.H.I.E.L.D.,FALSE,19,TRUE,http://troyericgriggs.com/projects/cwo/_files/images/SHE-HULK.jpeg
Shockwave,Lancaster Sneed,M,captured,hero,superhuman,null,TRUE,1,TRUE,http://troyericgriggs.com/projects/cwo/_files/images/SHOCKWAVE.jpeg
Shooting Star,Victoria Star,F,active,hero,superhuman,The Rangers,FALSE,0,TRUE,http://troyericgriggs.com/projects/cwo/_files/images/SHOOTING STAR.jpeg
Shroud,Maxillian Quincy Coleridge,M,captured,hero,superhuman,null,TRUE,4,TRUE,http://troyericgriggs.com/projects/cwo/_files/images/SHROUD.jpeg
Silhouette,Silhouette Chord (first name translated from Cambodian),F,active,hero,superhuman,null,TRUE,1,TRUE,http://troyericgriggs.com/projects/cwo/_files/images/SILHOUETTE.jpeg
Silverclaw,Maria De Guadalupe Santiago,F,active,hero,superhuman,Avengers,FALSE,1,TRUE,http://troyericgriggs.com/projects/cwo/_files/images/SILVERCLAW.jpeg
Siryn,Theresa Maeve Rourke Cassidy,F,active,hero,mutant,X-Factor Investigations,TRUE,2,TRUE,http://troyericgriggs.com/projects/cwo/_files/images/SIRYN.jpeg
Sister Grimm,Nico Minoru,M,active,hero,mystical,Runaways,TRUE,4,TRUE,http://troyericgriggs.com/projects/cwo/_files/images/SISTER GRIMM.jpeg
Skyhawk,Winston Manchester,M,active,hero,superhuman,null,FALSE,0,TRUE,http://troyericgriggs.com/projects/cwo/_files/images/SKYHAWK.jpeg
Slapstick,Steven Harmon,M,active,hero,superhuman,The Initiative,FALSE,1,TRUE,http://troyericgriggs.com/projects/cwo/_files/images/SLAPSTICK.jpeg
Solo,Solomon Ravne,M,pardoned,hero,superhuman,null,TRUE,3,TRUE,http://troyericgriggs.com/projects/cwo/_files/images/SOLO.jpeg
Speed,Jerry McGee,M,active,hero,mutant,Young Avengers,TRUE,6,TRUE,http://troyericgriggs.com/projects/cwo/_files/images/SPEED.jpeg
Speedball,Robert Baldwin,M,inactive,hero,superhuman,New Warriors,TRUE,11,TRUE,http://troyericgriggs.com/projects/cwo/_files/images/SPEEDBALL.jpeg
Spider-Man,Peter Benjamin Parker,M,active,hero,superhuman,Secret Avengers,TRUE,39,TRUE,http://troyericgriggs.com/projects/cwo/_files/images/SPIDER-MAN.jpeg
Spider-Woman,Jessica Miriam Drew,F,active,hero,superhuman,Secret Avengers,TRUE,1,TRUE,http://troyericgriggs.com/projects/cwo/_files/images/SPIDER-WOMAN.jpeg
Sprite,unknown,M,deceased,hero,superhuman,null,FALSE,0,TRUE,http://troyericgriggs.com/projects/cwo/_files/images/SPRITE.jpeg
Squirrel Girl,Doreen Green,F,active,hero,superhuman,Great Lakes Champions,FALSE,1,TRUE,http://troyericgriggs.com/projects/cwo/_files/images/SQUIRREL GIRL.jpeg
Stargod,John Jonah Jameson III,M,active,hero,superhuman,null,FALSE,0,TRUE,http://troyericgriggs.com/projects/cwo/_files/images/STARGOD.jpeg
Staten Island Star,unknown,M,captured,hero,superhuman,null,TRUE,0,TRUE,http://troyericgriggs.com/projects/cwo/_files/images/STATEN ISLAND STAR.jpeg
Stature,Cassandra Eleanor Lang,F,active,hero,superhuman,Young Avengers,FALSE,12,TRUE,http://troyericgriggs.com/projects/cwo/_files/images/STATURE.jpeg
Steel Spider,Oliver Osnick,M,active,hero,superhuman,null,TRUE,0,TRUE,http://troyericgriggs.com/projects/cwo/_files/images/STEEL SPIDER.jpeg
Stingray,Walter Newell,M,active,hero,superhuman,The Initiative,FALSE,2,TRUE,http://troyericgriggs.com/projects/cwo/_files/images/STINGRAY.jpeg
Storm,Ororo Iqadi T'Challa,F,active,hero,mutant,X-Men,TRUE,7,TRUE,http://troyericgriggs.com/projects/cwo/_files/images/STORM.jpeg
Strong Guy,Guido Carosella,M,active,hero,mutant,X-Factor Investigations,TRUE,2,TRUE,http://troyericgriggs.com/projects/cwo/_files/images/STRONG GUY.jpeg
Talisman,Elizabeth Twoyoungmen,F,active,hero,superhuman,Omega Flight,FALSE,0,TRUE,http://troyericgriggs.com/projects/cwo/_files/images/TALISMAN.jpeg
Talkback,Chase Stein,M,active,hero,human,Runaways,TRUE,4,TRUE,http://troyericgriggs.com/projects/cwo/_files/images/TALKBACK.jpeg
Texas Twister,Drew Daniels,M,active,hero,superhuman,The Rangers,FALSE,0,TRUE,http://troyericgriggs.com/projects/cwo/_files/images/TEXAS TWISTER.jpeg
The Veil,unknown,F,active,hero,superhuman,null,TRUE,1,TRUE,http://troyericgriggs.com/projects/cwo/_files/images/VEIL.jpeg
Thor Girl,Tarene,F,active,hero,superhuman,The Initiative,FALSE,0,TRUE,http://troyericgriggs.com/projects/cwo/_files/images/THOR GIRL.jpeg
Thunderclap,Stanley George Johnson,M,active,hero,superhuman,null,TRUE,1,TRUE,http://troyericgriggs.com/projects/cwo/_files/images/THUNDERCLAP.jpeg
Tigra,Greer Grant Nelson,F,active,hero,superhuman,Avengers,FALSE,6,TRUE,http://troyericgriggs.com/projects/cwo/_files/images/TIGRA.jpeg
Timeslip,Rina Patel,F,active,hero,superhuman,null,TRUE,1,TRUE,http://troyericgriggs.com/projects/cwo/_files/images/TIMESLIP.jpeg
Trauma,Terrance Ward,M,active,hero,superhuman,The Initiative,FALSE,0,TRUE,http://troyericgriggs.com/projects/cwo/_files/images/TRAUMA.jpeg
Two-Gun Kid,Matt Hawk,M,active,hero,human,null,FALSE,0,TRUE,http://troyericgriggs.com/projects/cwo/_files/images/TWO-GUN KID.jpeg
Typeface,Thomas Gordon,M,deceased,hero,superhuman,null,TRUE,5,TRUE,http://troyericgriggs.com/projects/cwo/_files/images/TYPEFACE.jpeg
U.S. Annie,unknown,F,captured,hero,superhuman,null,TRUE,0,FALSE,http://troyericgriggs.com/projects/cwo/_files/images/U.S. ANNIE.jpeg
U.S.Agent,John Walker,M,active,hero,superhuman,Omega Flight,FALSE,1,TRUE,http://troyericgriggs.com/projects/cwo/_files/images/U.S.AGENT.jpeg
Ultragirl,Tsu-Zana,F,active,hero,superhuman,The Initiative,FALSE,3,TRUE,http://troyericgriggs.com/projects/cwo/_files/images/ULTRA-GIRL.jpeg
Valerie Cooper,Valerie Cooper,F,active,hero,human,Commission,FALSE,4,TRUE,http://troyericgriggs.com/projects/cwo/_files/images/VALERIE COOPER.jpeg
Victor Mancha,Victor Mancha,M,active,hero,superhuman,Runaways,TRUE,4,TRUE,http://troyericgriggs.com/projects/cwo/_files/images/VICTOR MANCHA.jpeg
Vienna,Angela Tortelli,F,active,hero,superhuman,null,FALSE,1,TRUE,http://troyericgriggs.com/projects/cwo/_files/images/VIENNA.jpeg
Vision,Vision,M,active,hero,synthezoid,Young Avengers,TRUE,15,TRUE,http://troyericgriggs.com/projects/cwo/_files/images/VISION.jpeg
Wasp,Janet Van Dyne,F,active,hero,superhuman,Avengers,FALSE,12,TRUE,http://troyericgriggs.com/projects/cwo/_files/images/WASP.jpeg
Wiccan,"William ""Billy"" Kaplan",M,active,hero,mystical,Young Avengers,TRUE,10,TRUE,http://troyericgriggs.com/projects/cwo/_files/images/WICCAN.jpeg
Wildstreak,Tamika Bowden,F,active,hero,superhuman,null,TRUE,4,TRUE,http://troyericgriggs.com/projects/cwo/_files/images/WILDSTREAK.jpeg
Winter Soldier,James Buchanan Barnes,M,active,hero,superhuman,null,TRUE,0,TRUE,http://troyericgriggs.com/projects/cwo/_files/images/WINTER SOLDIER.jpeg
Wolfsbane,Rahne Sinclair,F,active,hero,mutant,X-Factor Investigations,TRUE,2,TRUE,http://troyericgriggs.com/projects/cwo/_files/images/WOLFSBANE.jpeg
Wolverine,James Howlett,M,active,hero,mutant,Secret Avengers,TRUE,15,TRUE,http://troyericgriggs.com/projects/cwo/_files/images/WOLVERINE.jpeg
Wonder Man,Simon Williams,M,active,hero,superhuman,Avengers,FALSE,11,TRUE,http://troyericgriggs.com/projects/cwo/_files/images/WONDER MAN.jpeg
Wong,Wong,M,active,hero,human,null,TRUE,1,TRUE,http://troyericgriggs.com/projects/cwo/_files/images/WONG.jpeg
Xavin,Xavin,M,active,hero,alien,Runaways,TRUE,4,TRUE,http://troyericgriggs.com/projects/cwo/_files/images/XAVIN.jpeg
Yellowjacket,Henry Pym,M,active,hero,superhuman,Avengers,FALSE,0,TRUE,http://troyericgriggs.com/projects/cwo/_files/images/YELLOWJACKET.jpeg
Zero-G,Alex Power,M,active,hero,superhuman,The Initiative,FALSE,0,TRUE,http://troyericgriggs.com/projects/cwo/_files/images/ZERO-G.jpeg
Ajaxis,N/A,M,active,villain,superhuman,Thunderbolts Army,FALSE,2,TRUE,http://troyericgriggs.com/projects/cwo/_files/images/AJAXIS.jpeg
Ancestor,unknown,M,captured,villain,superhuman,Mandarin's Avatars,TRUE,1,TRUE,http://troyericgriggs.com/projects/cwo/_files/images/ANCESTOR.jpeg
Aqueduct,Peter van Zante,M,active,villain,mutant,Thunderbolts Army,FALSE,1,TRUE,http://troyericgriggs.com/projects/cwo/_files/images/AQUEDUCT.jpeg
Asp,Cleopatra Nefertiti,F,active,villain,superhuman,B.A.D. Girls Inc.,TRUE,0,TRUE,http://troyericgriggs.com/projects/cwo/_files/images/ASP.jpeg
Asylum,Henrique Manuel Gallante,M,active,villain,superhuman,Thunderbolts Army,FALSE,0,TRUE,http://troyericgriggs.com/projects/cwo/_files/images/ASYLUM.jpeg
Atlas,Erik Stephan Josten,M,hospitalized,villain,superhuman,Thunderbolts,FALSE,7,TRUE,http://troyericgriggs.com/projects/cwo/_files/images/ATLAS.jpeg
Bantam,Roberto Velasquez,M,deceased,villain,superhuman,null,FALSE,1,TRUE,http://troyericgriggs.com/projects/cwo/_files/images/BANTAM.jpeg
Baron Blitzschlag,Werner Von Blitzschlag,M,active,villain,superhuman,null,FALSE,0,TRUE,http://troyericgriggs.com/projects/cwo/_files/images/BARON BLITZSCHLAG.jpeg
Baron Helmut Zemo,Helmut Zemo,M,active,villain,human,Thunderbolts,FALSE,3,TRUE,http://troyericgriggs.com/projects/cwo/_files/images/BARON HELMUT ZEMO.jpeg
Batroc,Georges Batroc,M,active,villain,human,Thunderbolts Army,FALSE,2,TRUE,http://troyericgriggs.com/projects/cwo/_files/images/BATROC.jpeg
Beetle (Quinn),Gary Quinn,M,active,villain,superhuman,Thunderbolts Army,FALSE,2,TRUE,http://troyericgriggs.com/projects/cwo/_files/images/BEETLE (MK-II).jpeg
Beetle (Robichaux),Joaquim Robichaux,M,active,villain,superhuman,Thunderbolts Army,FALSE,2,TRUE,http://troyericgriggs.com/projects/cwo/_files/images/BEETLE (MK-I).jpeg
Beetle (Vaughn),Elizabeth Vaughn,F,active,villain,superhuman,Thunderbolts Army,FALSE,2,TRUE,http://troyericgriggs.com/projects/cwo/_files/images/BEETLE (MK-III).jpeg
Big Wheel,Jackson Weele,M,active,villain,superhuman,null,TRUE,0,TRUE,http://troyericgriggs.com/projects/cwo/_files/images/BIG WHEEL.jpeg
Black Crow,Jesse Black Crow,M,active,villain,superhuman,null,TRUE,1,TRUE,http://troyericgriggs.com/projects/cwo/_files/images/BLACK CROW.jpeg
Black Mamba,Tanya Sealy,F,active,villain,superhuman,B.A.D. Girls Inc.,TRUE,1,TRUE,http://troyericgriggs.com/projects/cwo/_files/images/BLACK MAMBA.jpeg
Blacklash II,unknown,M,active,villain,superhuman,Thunderbolts Army,FALSE,0,TRUE,http://troyericgriggs.com/projects/cwo/_files/images/BLACKLASH.jpeg
Blizzard,Donald Gill,M,depowered,villain,superhuman,Thunderbolts,FALSE,4,TRUE,http://troyericgriggs.com/projects/cwo/_files/images/BLIZZARD.jpeg
Bloodshed,Wyndell Dichinson,M,captured,villain,superhuman,null,TRUE,1,TRUE,http://troyericgriggs.com/projects/cwo/_files/images/BLOODSHED.jpeg
Bloodstrike,Eric Conroy,M,active,villain,superhuman,Thunderbolts Army,FALSE,0,TRUE,http://troyericgriggs.com/projects/cwo/_files/images/BLOODSTRIKE.jpeg
Boomerang,George Harkness,M,active,villain,superhuman,Thunderbolts Army,FALSE,2,TRUE,http://troyericgriggs.com/projects/cwo/_files/images/BOOMERANG.jpeg
Bulldozer,Henry Camp,M,active,villain,superhuman,Thunderbolts Army,FALSE,1,TRUE,http://troyericgriggs.com/projects/cwo/_files/images/BULLDOZER.jpeg
Bullseye,Lester,M,active,villain,superhuman,Thunderbolts (CSA),FALSE,3,TRUE,http://troyericgriggs.com/projects/cwo/_files/images/BULLSEYE.jpeg
Bushmaster,Quincy McIver,M,active,villain,superhuman,Thunderbolts Army,FALSE,1,TRUE,http://troyericgriggs.com/projects/cwo/_files/images/BUSHMASTER.jpeg
Cape-Killers,N/A,N/A,active,villain,superhuman,S.H.I.E.L.D.,FALSE,0,FALSE,http://troyericgriggs.com/projects/cwo/_files/images/CAPE-KILLERS.jpeg
Constrictor,Frank Payne,M,active,villain,superhuman,The Initiative,FALSE,0,TRUE,http://troyericgriggs.com/projects/cwo/_files/images/CONSTRICTOR.jpeg
Coronary,James Sharp,M,active,villain,superhuman,Thunderbolts Army,FALSE,0,TRUE,http://troyericgriggs.com/projects/cwo/_files/images/CORONARY.jpeg
Deadpool,Wade Winston Wilson,M,active,villain,superhuman,null,FALSE,3,TRUE,http://troyericgriggs.com/projects/cwo/_files/images/DEADPOOL.jpeg
Death Adder,Roland Burroughs,M,active,villain,superhuman,Thunderbolts Army,FALSE,0,TRUE,http://troyericgriggs.com/projects/cwo/_files/images/DEATH ADDER.jpeg
Diamondback,Rachel Leighton,F,active,villain,superhuman,B.A.D. Girls Inc.,TRUE,3,TRUE,http://troyericgriggs.com/projects/cwo/_files/images/DIAMONDBACK.jpeg
Doctor Octopus,Otto Gunther Octavius,M,active,villain,superhuman,Thunderbolts Army,FALSE,3,TRUE,http://troyericgriggs.com/projects/cwo/_files/images/DOCTOR OCTOPUS.jpeg
Eel,Edward Lavell,M,active,villain,superhuman,Thunderbolts Army,FALSE,1,TRUE,http://troyericgriggs.com/projects/cwo/_files/images/EEL.jpeg
Equinox,Terrance Sorenson,M,active,villain,superhuman,The Initiative,TRUE,1,TRUE,http://troyericgriggs.com/projects/cwo/_files/images/EQUINOX.jpeg
Ferocia,Fera,F,active,villain,superhuman,null,TRUE,1,TRUE,http://troyericgriggs.com/projects/cwo/_files/images/FEROCIA.jpeg
Fixer,Paul Norbert Ebersol,M,active,villain,superhuman,Thunderbolts,FALSE,5,TRUE,http://troyericgriggs.com/projects/cwo/_files/images/FIXER.jpeg
Flag-Smasher,Karl Morgenthau,M,captured,villain,superhuman,null,TRUE,0,TRUE,http://troyericgriggs.com/projects/cwo/_files/images/FLAG-SMASHER.jpeg
Foundry,unknown,M,captured,villain,superhuman,Mandarin's Avatars,TRUE,1,TRUE,http://troyericgriggs.com/projects/cwo/_files/images/FOUNDRY.jpeg
Gargoyle,Isaac Christians,M,active,villain,superhuman,The Initiative,FALSE,0,TRUE,http://troyericgriggs.com/projects/cwo/_files/images/GARGOYLE.jpeg
Ghost Maker,Grigori Sovchencko,M,captured,villain,superhuman,null,TRUE,1,TRUE,http://troyericgriggs.com/projects/cwo/_files/images/GHOST MAKER.jpeg
Gladiatrix,Robin Braxton,F,pardoned,villain,superhuman,null,TRUE,2,TRUE,http://troyericgriggs.com/projects/cwo/_files/images/GLADIATRIX.jpeg
Goldbug,Matthew Gilden,M,deceased,villain,superhuman,null,TRUE,3,TRUE,http://troyericgriggs.com/projects/cwo/_files/images/GOLDBUG.jpeg
Green Goblin,Norman Osborn,M,active,villain,superhuman,Thunderbolts (CSA),FALSE,7,TRUE,http://troyericgriggs.com/projects/cwo/_files/images/GREEN GOBLIN.jpeg
Grindhouse,unknown,F,captured,villain,superhuman,null,TRUE,1,TRUE,http://troyericgriggs.com/projects/cwo/_files/images/GRINDHOUSE.jpeg
Iron Maiden,Melina Vostokovna,F,captured,villain,superhuman,null,TRUE,1,TRUE,http://troyericgriggs.com/projects/cwo/_files/images/IRON MAIDEN.jpeg
Ironclad,Michael Steel,M,active,villain,superhuman,Thunderbolts Army,FALSE,2,TRUE,http://troyericgriggs.com/projects/cwo/_files/images/IRONCLAD.jpeg
Jack O'Lantern,Steven Mark Levins,M,deceased,villain,superhuman,Thunderbolts (CSA),FALSE,3,TRUE,http://troyericgriggs.com/projects/cwo/_files/images/JACK O'LANTERN.jpeg
Jester,Cord Dexter Lemoyne,M,deceased,villain,superhuman,Thunderbolts (CSA),FALSE,3,TRUE,http://troyericgriggs.com/projects/cwo/_files/images/JESTER.jpeg
Joystick,Janice Olivia Yanizeski,F,captured,villain,superhuman,Thunderbolts,FALSE,5,TRUE,http://troyericgriggs.com/projects/cwo/_files/images/JOYSTICK.jpeg
Killer Shrike,Simon Maddicks,M,active,villain,superhuman,Thunderbolts Army,FALSE,1,TRUE,http://troyericgriggs.com/projects/cwo/_files/images/KILLER SHRIKE.jpeg
King Cobra,Bill King,M,active,villain,superhuman,Thunderbolts Army,FALSE,0,TRUE,http://troyericgriggs.com/projects/cwo/_files/images/KING COBRA.jpeg
King Size,unknown,M,active,villain,superhuman,null,TRUE,1,TRUE,http://troyericgriggs.com/projects/cwo/_files/images/KING SIZE.jpeg
Kruzado,Dorothy Cardoza,F,captured,villain,superhuman,null,TRUE,0,TRUE,http://troyericgriggs.com/projects/cwo/_files/images/KRUZADO.jpeg
Lady Deathstrike,Yuriko Oyama,F,arrested,villain,superhuman,Thunderbolts (CSA),FALSE,3,TRUE,http://troyericgriggs.com/projects/cwo/_files/images/LADY DEATHSTRIKE.jpeg
Lectronn,Thomas Samuels,M,active,villain,superhuman,null,TRUE,2,TRUE,http://troyericgriggs.com/projects/cwo/_files/images/LECTRONN.jpeg
Lich,unknown,M,captured,villain,superhuman,Mandarin's Avatars,TRUE,1,TRUE,http://troyericgriggs.com/projects/cwo/_files/images/LICH.jpeg
Lightbright,Obax Majid,F,captured,villain,superhuman,null,TRUE,2,TRUE,http://troyericgriggs.com/projects/cwo/_files/images/LIGHTBRIGHT.jpeg
Living Mummy,N'Kantu,M,active,villain,superhuman,null,TRUE,2,TRUE,http://troyericgriggs.com/projects/cwo/_files/images/LIVING MUMMY.jpeg
MACH-IV,Abe Jenkins,M,depowered,villain,superhuman,Thunderbolts,FALSE,6,TRUE,http://troyericgriggs.com/projects/cwo/_files/images/MACH-IV.jpeg
Machete,Mariano Lopez,M,active,villain,superhuman,Thunderbolts Army,FALSE,0,TRUE,http://troyericgriggs.com/projects/cwo/_files/images/MACHETE.jpeg
Mathemanic,Thomas Sorenson,M,active,villain,superhuman,Thunderbolts Army,FALSE,0,TRUE,http://troyericgriggs.com/projects/cwo/_files/images/MATHEMANIC.jpeg
Molten Man,Mark Raxton,M,active,villain,superhuman,null,FALSE,1,TRUE,http://troyericgriggs.com/projects/cwo/_files/images/MOLTEN MAN.jpeg
Mongoose,Mongoose,M,active,villain,superhuman,Thunderbolts Army,FALSE,1,TRUE,http://troyericgriggs.com/projects/cwo/_files/images/MONGOOSE.jpeg
Morbius,Michael Morbius,M,active,villain,superhuman,null,FALSE,0,TRUE,http://troyericgriggs.com/projects/cwo/_files/images/MORBIUS.jpeg
Orka,Orka,M,active,villain,superhuman,Heroes For Hire,FALSE,3,TRUE,http://troyericgriggs.com/projects/cwo/_files/images/ORKA.jpeg
Overmind,Grom,M,active,villain,superhuman,Thunderbolts Army,FALSE,0,TRUE,http://troyericgriggs.com/projects/cwo/_files/images/OVERMIND.jpeg
Ox,Ronald Bloch,M,active,villain,superhuman,Thunderbolts Army,FALSE,2,TRUE,http://troyericgriggs.com/projects/cwo/_files/images/OX.jpeg
Piledriver,Brian Phillip Calusky,M,active,villain,superhuman,Thunderbolts Army,FALSE,1,TRUE,http://troyericgriggs.com/projects/cwo/_files/images/PILEDRIVER.jpeg
Plunderer,Joe Coyne,M,deceased,villain,superhuman,null,TRUE,0,TRUE,http://troyericgriggs.com/projects/cwo/_files/images/PLUNDERER.jpeg
Porcupine,Roger Gocking,M,active,villain,superhuman,Thunderbolts Army,FALSE,1,TRUE,http://troyericgriggs.com/projects/cwo/_files/images/PORCUPINE.jpeg
Pretty Persuasions,Heidi Franklin,F,active,villain,superhuman,Thunderbolts Army,FALSE,2,TRUE,http://troyericgriggs.com/projects/cwo/_files/images/PRETTY PERSUASIONS.jpeg
Primus,Pren,M,active,villain,superhuman,Thunderbolts Army,FALSE,0,TRUE,http://troyericgriggs.com/projects/cwo/_files/images/PRIMUS.jpeg
Quicksand,unknown,F,active,villain,superhuman,Thunderbolts Army,FALSE,2,TRUE,http://troyericgriggs.com/projects/cwo/_files/images/QUICKSAND.jpeg
Radioactive Man,Chen Lu,M,active,villain,superhuman,Thunderbolts,FALSE,11,TRUE,http://troyericgriggs.com/projects/cwo/_files/images/RADIOACTIVE MAN.jpeg
Rattler,Gustav Krueger,M,active,villain,superhuman,Thunderbolts Army,FALSE,1,TRUE,http://troyericgriggs.com/projects/cwo/_files/images/RATTLER.jpeg
Red Ronin,SJ3-RX,N/A,active,villain,superhuman,Thunderbolts Army,FALSE,0,TRUE,http://troyericgriggs.com/projects/cwo/_files/images/RED RONIN.jpeg
Scarecrow,Ebenezer Laughton,M,active,villain,superhuman,Thunderbolts Army,FALSE,2,TRUE,http://troyericgriggs.com/projects/cwo/_files/images/SCARECROW.jpeg
Sickle,Natasha Ulyanov,F,captured,villain,superhuman,Mandarin's Avatars,TRUE,1,TRUE,http://troyericgriggs.com/projects/cwo/_files/images/SICKLE.jpeg
Silk Fever,Min Li Ng,F,active,villain,superhuman,Thunderbolts Army,FALSE,0,TRUE,http://troyericgriggs.com/projects/cwo/_files/images/SILK FEVER.jpeg
Slyde,Jalome Beacher,M,active,villain,superhuman,Thunderbolts Army,FALSE,1,TRUE,http://troyericgriggs.com/projects/cwo/_files/images/SLYDE.jpeg
Smiling Tiger,Conrad Mack,M,active,villain,superhuman,Thunderbolts Army,FALSE,2,TRUE,http://troyericgriggs.com/projects/cwo/_files/images/SMILING TIGER.jpeg
Smuggler,Conrad Josten,M,depowered,villain,superhuman,Thunderbolts,FALSE,2,TRUE,http://troyericgriggs.com/projects/cwo/_files/images/SMUGGLER.jpeg
Snake Marston,Sylvester Marston,M,active,villain,superhuman,Thunderbolts Army,FALSE,1,TRUE,http://troyericgriggs.com/projects/cwo/_files/images/SNAKE MARSTON.jpeg
Songbird,Melissa Joan Gold,F,active,villain,superhuman,Thunderbolts,FALSE,8,TRUE,http://troyericgriggs.com/projects/cwo/_files/images/SONGBIRD.jpeg
Stilt-Man,Wilbur Day,M,deceased,villain,superhuman,null,FALSE,2,TRUE,http://troyericgriggs.com/projects/cwo/_files/images/STILT-MAN.jpeg
Swordsman,Jacques DuQuesne,M,active,villain,human,Thunderbolts,FALSE,0,TRUE,http://troyericgriggs.com/projects/cwo/_files/images/SWORDSMAN.jpeg
Tarantula,Catalina Marie Flores,F,active,villain,human,Heroes For Hire,FALSE,0,TRUE,http://troyericgriggs.com/projects/cwo/_files/images/TARANTULA.jpeg
Taskmaster,Anthony Masters,M,escaped,villain,mutant,Thunderbolts (CSA),FALSE,3,TRUE,http://troyericgriggs.com/projects/cwo/_files/images/TASKMASTER.jpeg
Tatterdemalion,Arnold Paffenroth,M,active,villain,superhuman,Thunderbolts Army,FALSE,1,TRUE,http://troyericgriggs.com/projects/cwo/_files/images/TATTERDEMALION.jpeg
Terminizer,Luis Guitterez,M,active,villain,superhuman,null,FALSE,0,TRUE,http://troyericgriggs.com/projects/cwo/_files/images/TERMINIZER.jpeg
Thunderball,Eliot Franklin,M,active,villain,superhuman,Thunderbolts Army,FALSE,1,TRUE,http://troyericgriggs.com/projects/cwo/_files/images/THUNDERBALL.jpeg
Unicorn,Yegor Balinov,M,active,villain,superhuman,Thunderbolts Army,FALSE,1,TRUE,http://troyericgriggs.com/projects/cwo/_files/images/UNICORN.jpeg
Vapor,Ann Darnell,F,active,villain,superhuman,Thunderbolts Army,FALSE,1,TRUE,http://troyericgriggs.com/projects/cwo/_files/images/VAPOR.jpeg
Vector,Simon Utrecht,M,active,villain,superhuman,Thunderbolts Army,FALSE,2,TRUE,http://troyericgriggs.com/projects/cwo/_files/images/VECTOR.jpeg
Venom,MacDonald Gargan,M,active,villain,superhuman,Thunderbolts (CSA),FALSE,5,TRUE,http://troyericgriggs.com/projects/cwo/_files/images/VENOM.jpeg
Vermin,Edward Whelan,M,active,villain,superhuman,Thunderbolts Army,FALSE,1,TRUE,http://troyericgriggs.com/projects/cwo/_files/images/VERMIN.jpeg
Vulture,Adrian Toomes,M,hospitalized,villain,superhuman,null,FALSE,4,TRUE,http://troyericgriggs.com/projects/cwo/_files/images/VULTURE.jpeg
Warfist,unknown,M,captured,villain,superhuman,Mandarin's Avatars,TRUE,1,TRUE,http://troyericgriggs.com/projects/cwo/_files/images/WARFIST.jpeg
Whiplash II,unknown,F,active,villain,superhuman,Thunderbolts Army,FALSE,0,TRUE,http://troyericgriggs.com/projects/cwo/_files/images/WHIPLASH.jpeg
Whirlwind,David Cannon,M,active,villain,mutant,Thunderbolts Army,FALSE,1,TRUE,http://troyericgriggs.com/projects/cwo/_files/images/WHIRLWIND.jpeg
Wrecker,Dirk Garthwaite,M,active,villain,superhuman,Thunderbolts Army,FALSE,1,TRUE,http://troyericgriggs.com/projects/cwo/_files/images/WRECKER.jpeg
X-Ray,James Darnell,M,active,villain,superhuman,Thunderbolts Army,FALSE,3,TRUE,http://troyericgriggs.com/projects/cwo/_files/images/X-RAY.jpeg
Yancy Street Gang,N/A,N/A,active,villain,human,null,TRUE,0,TRUE,http://troyericgriggs.com/projects/cwo/_files/images/YANCY STREET GANG.jpeg
Zapster,unknown,M,captured,villain,superhuman,null,TRUE,0,FALSE,http://troyericgriggs.com/projects/cwo/_files/images/ZAPSTER.jpeg
Zaran,Maximillian Zaran,M,active,villain,superhuman,Thunderbolts Army,FALSE,1,TRUE,http://troyericgriggs.com/projects/cwo/_files/images/ZARAN.jpeg